{
  "1": {
    "x": -1.4721632817271775,
    "y": 0.9996113309668367,
    "orientation": {
      "x": 0.0,
      "y": 0.0,
      "z": 0.3718060974122566,
      "w": 0.9283104146389114
    }
  }
}